-- phpMyAdmin SQL Dump
-- version 4.3.11.1
-- http://www.phpmyadmin.net
--
-- Host: localhost
-- Generation Time: Jul 30, 2015 at 06:12 PM
-- Server version: 5.5.44-0ubuntu0.14.04.1
-- PHP Version: 5.5.9-1ubuntu4.11

SET SQL_MODE = "NO_AUTO_VALUE_ON_ZERO";
SET time_zone = "+00:00";


/*!40101 SET @OLD_CHARACTER_SET_CLIENT=@@CHARACTER_SET_CLIENT */;
/*!40101 SET @OLD_CHARACTER_SET_RESULTS=@@CHARACTER_SET_RESULTS */;
/*!40101 SET @OLD_COLLATION_CONNECTION=@@COLLATION_CONNECTION */;
/*!40101 SET NAMES utf8 */;

--
-- Database: `bhavana_dev`
--

-- --------------------------------------------------------

--
-- Table structure for table `bhavana_badges`
--

CREATE TABLE IF NOT EXISTS `bhavana_badges` (
  `idBadge` int(10) unsigned NOT NULL,
  `idUser` int(10) unsigned NOT NULL,
  `badgeCode` varchar(25) CHARACTER SET utf8 COLLATE utf8_unicode_ci NOT NULL,
  `timestamp` int(10) unsigned NOT NULL,
  `validUntil` int(10) unsigned NOT NULL
) ENGINE=InnoDB AUTO_INCREMENT=5 DEFAULT CHARSET=latin1;

--
-- Dumping data for table `bhavana_badges`
--

INSERT INTO `bhavana_badges` (`idBadge`, `idUser`, `badgeCode`, `timestamp`, `validUntil`) VALUES
(1, 2, 'medFirst', 1438297910, 0),
(2, 2, 'medTodayOnce', 1438297910, 1438384310),
(3, 2, 'medWeekOnce', 1438297910, 1438902710),
(4, 2, 'medMonthOnce', 1438297910, 1440976310);

-- --------------------------------------------------------

--
-- Table structure for table `bhavana_causes`
--

CREATE TABLE IF NOT EXISTS `bhavana_causes` (
  `idCause` int(11) NOT NULL,
  `code` varchar(3) COLLATE utf8_unicode_ci NOT NULL,
  `name` varchar(25) COLLATE utf8_unicode_ci NOT NULL,
  `description` varchar(255) COLLATE utf8_unicode_ci NOT NULL,
  `totalTime` int(11) NOT NULL
) ENGINE=MyISAM DEFAULT CHARSET=utf8 COLLATE=utf8_unicode_ci;

--
-- Dumping data for table `bhavana_causes`
--

INSERT INTO `bhavana_causes` (`idCause`, `code`, `name`, `description`, `totalTime`) VALUES
(1, 'non', 'Ninguna', 'Solo quiero meditar', 2999),
(2, 'com', 'Compasión', 'Es la base de la práctica', 791),
(3, 'paz', 'Paz', 'Todo por la paz', 595),
(4, 'hum', 'Humildad', 'Por la humildad', 36);

-- --------------------------------------------------------

--
-- Table structure for table `bhavana_checkin`
--

CREATE TABLE IF NOT EXISTS `bhavana_checkin` (
  `idCheckin` int(10) unsigned NOT NULL,
  `uid` int(10) unsigned NOT NULL,
  `timestamp` int(10) unsigned NOT NULL,
  `date` int(11) NOT NULL,
  `emotionCode` varchar(3) CHARACTER SET utf8 COLLATE utf8_unicode_ci NOT NULL,
  `emotionType` varchar(1) CHARACTER SET utf8 COLLATE utf8_unicode_ci NOT NULL,
  `mindState` int(10) unsigned NOT NULL DEFAULT '1',
  `message` text CHARACTER SET utf8 COLLATE utf8_unicode_ci NOT NULL,
  `where` varchar(3) NOT NULL
) ENGINE=MyISAM AUTO_INCREMENT=9 DEFAULT CHARSET=latin1 COMMENT='Check your state of mind';

--
-- Dumping data for table `bhavana_checkin`
--

INSERT INTO `bhavana_checkin` (`idCheckin`, `uid`, `timestamp`, `date`, `emotionCode`, `emotionType`, `mindState`, `message`, `where`) VALUES
(1, 2, 1438051373, 20150727, 'amo', 'p', 10, 'Un día maravilloso, espero que todo salga acorde a lo planeado!', 'web'),
(2, 2, 1437899273, 20150727, 'sat', 'p', 8, 'La meditación estuvo hermosa, llena de paz y felicidad', 'web'),
(3, 2, 1437812873, 20150727, 'fru', 'n', 6, 'Humildad, tengo que trabajar en la humildad!', 'web'),
(4, 2, 1437726473, 20150727, 'com', 'p', 8, 'Tuve muchos pensamientos, debo recordar estar más tranquilo durante la meditación', 'web'),
(5, 2, 1437640073, 20150727, 'ins', 'n', 4, 'Es un nuevo día, las cosas van a cambiar y voy a estar mejor', 'web'),
(6, 2, 1437553673, 20150727, 'esp', 'p', 10, 'Se que puedo lograrlo! Voy a meditar más cada día!', 'web'),
(7, 2, 1438087530, 20150728, 'amo', 'p', 10, '', 'web'),
(8, 2, 1438089866, 20150728, 'gen', 'p', 10, 'Un día maravilloso para meditar!', 'web');

-- --------------------------------------------------------

--
-- Table structure for table `bhavana_meditations`
--

CREATE TABLE IF NOT EXISTS `bhavana_meditations` (
  `timestamp` int(11) NOT NULL,
  `totalTime` int(11) NOT NULL,
  `idCause` int(11) NOT NULL,
  `where` varchar(3) COLLATE utf8_unicode_ci NOT NULL,
  `idUser` int(11) NOT NULL,
  `coordinates` varchar(70) COLLATE utf8_unicode_ci NOT NULL,
  `ref` varchar(15) COLLATE utf8_unicode_ci NOT NULL
) ENGINE=MyISAM DEFAULT CHARSET=utf8 COLLATE=utf8_unicode_ci;

--
-- Dumping data for table `bhavana_meditations`
--

INSERT INTO `bhavana_meditations` (`timestamp`, `totalTime`, `idCause`, `where`, `idUser`, `coordinates`, `ref`) VALUES
(1429721365, 9, 3, '', 0, '-81.385,35.6767', ''),
(1429721598, 9, 3, '', 0, '-81.385,35.6767', ''),
(1429721742, 9, 3, '', 0, '-81.385,35.6767', ''),
(1426736243, 3, 3, 'Nib', 2, '-81.385,35.6767', ''),
(1426768845, 3, 3, 'Nib', 2, '-81.385,35.6767', ''),
(1426768848, 3, 3, 'Nib', 2, '-81.385,35.6767', ''),
(1426768852, 3, 3, 'Nib', 2, '-81.385,35.6767', ''),
(1426770097, 3, 3, '', 2, '-81.385,35.6767', ''),
(1426770151, 3, 3, '', 2, '-81.385,35.6767', ''),
(1426770169, 3, 3, '', 2, '-81.385,35.6767', ''),
(1426770181, 3, 3, '', 2, '-81.385,35.6767', ''),
(1426770252, 3, 2, '', 2, '-81.385,35.6767', ''),
(1426770272, 3, 3, '', 2, '-81.385,35.6767', ''),
(1426770272, 3, 3, '', 2, '-81.385,35.6767', ''),
(1426770316, 3, 2, '', 2, '-81.385,35.6767', ''),
(1426770340, 3, 3, '', 2, '-81.385,35.6767', ''),
(1426770397, 3, 3, '', 2, '-81.385,35.6767', ''),
(1426770424, 3, 3, 'crc', 2, '-81.385,35.6767', ''),
(1426770517, 3, 3, 'crc', 2, '-81.385,35.6767', ''),
(1426863382, 3, 3, 'crc', 2, '-81.385,35.6767', ''),
(1426863386, 3, 3, 'crc', 2, '-81.385,35.6767', ''),
(1426873156, 3, 2, 'crc', 2, '-81.385,35.6767', ''),
(1429575512, 10, 2, '', 0, '-81.385,35.6767', ''),
(1429575594, 10, 2, '', 0, '-81.385,35.6767', ''),
(1429575605, 10, 2, '', 0, '-81.385,35.6767', ''),
(1429575727, 10, 3, '', 0, '-81.385,35.6767', ''),
(1429575738, 10, 2, '', 2, '-81.385,35.6767', ''),
(1429575747, 10, 2, '', 2, '-81.385,35.6767', ''),
(1429575753, 10, 2, '', 2, '-81.385,35.6767', ''),
(1429582232, 10, 2, '', 2, '-81.385,35.6767', ''),
(1429582266, 10, 2, '', 2, '-81.385,35.6767', ''),
(1429582280, 10, 2, '', 2, '-81.385,35.6767', ''),
(1429582688, 10, 2, '', 2, '-81.385,35.6767', ''),
(1429582703, 10, 2, '', 2, '-81.385,35.6767', ''),
(1429582737, 10, 2, '', 2, '-81.385,35.6767', ''),
(1429582743, 10, 2, '', 2, '-81.385,35.6767', ''),
(1429582856, 10, 2, '', 2, '-81.385,35.6767', ''),
(1429582867, 10, 2, '', 2, '-81.385,35.6767', ''),
(1429582891, 10, 2, '', 2, '-81.385,35.6767', ''),
(1429582986, 10, 2, '', 2, '-81.385,35.6767', ''),
(1429583009, 10, 2, '', 2, '-81.385,35.6767', ''),
(1429583032, 10, 2, '', 2, '-81.385,35.6767', ''),
(1429583041, 10, 2, '', 2, '-81.385,35.6767', ''),
(1429583073, 10, 2, '', 2, '-81.385,35.6767', ''),
(1429583087, 10, 2, '', 2, '-81.385,35.6767', ''),
(1429583258, 10, 2, '', 2, '-81.385,35.6767', ''),
(1429583268, 10, 2, '', 2, '-81.385,35.6767', ''),
(1429583287, 10, 2, '', 2, '-81.385,35.6767', ''),
(1429585176, 10, 2, '', 2, '-81.385,35.6767', ''),
(1429585183, 10, 2, '', 0, '-81.385,35.6767', ''),
(1429585196, 10, 2, '', 0, '-81.385,35.6767', ''),
(1429593849, 10, 3, '', 2, '-81.385,35.6767', ''),
(1429636212, 10, 3, '', 2, '-81.385,35.6767', ''),
(1429660914, 10, 3, '', 2, '-81.385,35.6767', ''),
(1429660987, 10, 3, '', 2, '-81.385,35.6767', ''),
(1429661019, 10, 3, '', 2, '-81.385,35.6767', ''),
(1429661193, 10, 3, '', 2, '-81.385,35.6767', ''),
(1429661223, 10, 3, '', 2, '-81.385,35.6767', ''),
(1429661381, 10, 3, '', 2, '-81.385,35.6767', ''),
(1429661413, 10, 3, '', 2, '-81.385,35.6767', ''),
(1429661471, 10, 3, '', 2, '-81.385,35.6767', ''),
(1429661633, 10, 3, '', 2, '-81.385,35.6767', ''),
(1429661717, 10, 3, '', 2, '-81.385,35.6767', ''),
(1429661732, 10, 3, '', 2, '-81.385,35.6767', ''),
(1429664325, 9, 3, '', 2, '-81.385,35.6767', ''),
(1429664385, 9, 3, '', 2, '-81.385,35.6767', ''),
(1429664442, 9, 3, '', 2, '-81.385,35.6767', ''),
(1429664462, 9, 3, '', 2, '-81.385,35.6767', ''),
(1429664521, 9, 3, '', 2, '-81.385,35.6767', ''),
(1429664712, 9, 3, '', 2, '-81.385,35.6767', ''),
(1429664722, 9, 3, '', 2, '-81.385,35.6767', ''),
(1429664872, 9, 3, '', 2, '-81.385,35.6767', ''),
(1429664908, 9, 3, '', 2, '-81.385,35.6767', ''),
(1429664992, 9, 3, '', 2, '-81.385,35.6767', ''),
(1429665041, 9, 2, '', 0, '-81.385,35.6767', ''),
(1429665078, 9, 3, '', 0, '-81.385,35.6767', ''),
(1429665093, 9, 2, '', 0, '-81.385,35.6767', ''),
(1429665160, 9, 3, '', 0, '-81.385,35.6767', ''),
(1429665204, 9, 3, '', 0, '-81.385,35.6767', ''),
(1429665217, 9, 2, '', 0, '-81.385,35.6767', ''),
(1429665248, 9, 2, '', 0, '-81.385,35.6767', ''),
(1429665271, 9, 2, '', 0, '-81.385,35.6767', ''),
(1429665340, 9, 3, '', 0, '-81.385,35.6767', ''),
(1429665358, 9, 2, '', 0, '-81.385,35.6767', ''),
(1429665503, 9, 2, '', 0, '-81.385,35.6767', ''),
(1429665806, 9, 3, '', 0, '-81.385,35.6767', ''),
(1429665822, 9, 2, '', 0, '-81.385,35.6767', ''),
(1429665837, 9, 2, '', 0, '-81.385,35.6767', ''),
(1429722225, 9, 3, '', 0, '-56.3333,46.8333', ''),
(1429722250, 9, 3, '', 0, '-68.7778,44.8012', ''),
(1429722257, 9, 3, '', 0, '133.0,-27.0', ''),
(1429722341, 9, 2, '', 0, '28.1854,-25.6495', ''),
(1429813628, 9, 3, '', 0, '-77.8521,38.7179', ''),
(1429813652, 9, 3, '', 0, '145.75,15.2', ''),
(1429814973, 9, 3, '', 0, '-61.2,13.25', ''),
(1429825670, 9, 3, '', 0, '28.1761,-25.8408', ''),
(1429849695, 9, 2, '', 1, '11.75,-1.0', ''),
(1429890235, 9, 2, '', 0, '18.4733,-33.948', ''),
(1429890726, 9, 3, '', 0, '-118.794,34.4153', ''),
(1429890774, 9, 3, '', 0, '-74.0724,40.7364', ''),
(1429890844, 9, 2, '', 0, '-74.9574,40.0323', ''),
(1429890878, 9, 3, '', 0, '-175.0,-20.0', ''),
(1429890903, 9, 3, '', 0, '-77.0283,-12.0433', ''),
(1429891023, 9, 3, '', 0, '26.8344,-32.7875', ''),
(1429891331, 9, 3, '', 0, '-78.7789,35.7509', ''),
(1429983818, 9, 2, '', 1, '29.9553,31.2156', ''),
(1430253765, 9, 3, '', 0, '-77.0283,-12.0433', ''),
(1430270909, 9, 3, '', 0, '-85.5016,36.1628', ''),
(1430270938, 9, 3, '', 1, '-80.06,42.1265', ''),
(1430270955, 9, 3, '', 1, '-93.2617,44.9645', ''),
(1430328369, 9, 2, '', 1, '-90.6673,38.6353', ''),
(1430352595, 9, 3, '', 1, '-95.8244,29.7858', ''),
(1430352892, 9, 3, '', 1, ',', ''),
(1430407541, 9, 3, '', 7, ',', ''),
(1430537910, 9, 3, '', 1, '-118.2407,34.0302', ''),
(1430577583, 9, 3, '', 1, '-122.6827,45.5332', ''),
(1430770122, 9, 3, '', 1, ',', ''),
(1430957232, 9, 3, '', 0, '-97.298,32.7821', ''),
(1430957346, 9, 3, '', 1, '-93.2719,44.9761', ''),
(1430957368, 9, 3, '', 1, ',', ''),
(1430959608, 9, 3, '', 1, '-117.8095,33.6378', ''),
(1431009750, 9, 3, '', 1, '-80.2766,26.0681', ''),
(1431009903, 9, 3, '', 1, '-78.8391,36.0355', ''),
(1431095773, 9, 3, '', 0, '-71.0362,42.3346', ''),
(1431099696, 9, 2, '', 0, '-94.6379,38.9248', ''),
(1431453719, 9, 3, '', 1, '-118.4716,34.0256', ''),
(1431528354, 9, 4, '', 2, '-77.0735,38.8924', ''),
(1431641882, 9, 4, '', 2, '-77.7444,38.7336', ''),
(1431641897, 9, 4, '', 2, '-88.9937,40.4842', ''),
(1433023556, 9, 4, '', 2, '-80.5341,27.4594', ''),
(1433966968, 9, 4, '', 2, '-96.7119,40.8615', ''),
(1434218261, 9, 4, '', 2, ',', ''),
(1434229194, 9, 4, '', 2, '-106.3131,42.8666', ''),
(1434231472, 9, 4, '', 2, ',', ''),
(1434231863, 9, 4, '', 2, ',', ''),
(1434246802, 9, 4, '', 2, ',', ''),
(1434250038, 9, 4, '', 2, '-70.9717,42.4642', ''),
(1434806749, 9, 4, '', 2, '0,0', ''),
(1434807059, 9, 4, '', 2, '0,0', ''),
(1434807178, 9, 4, '', 2, '0,0', ''),
(1434807268, 9, 4, '', 2, '0,0', ''),
(1434807766, 9, 4, '', 2, '0,0', ''),
(1434807892, 9, 4, '', 2, '0,0', ''),
(1434808309, 9, 4, '', 2, '0,0', ''),
(1434808543, 9, 4, '', 2, '0,0', ''),
(1434808874, 9, 4, '', 2, '0,0', ''),
(1434808881, 9, 4, '', 2, '0,0', ''),
(1434809034, 9, 4, '', 2, '0,0', ''),
(1434809262, 9, 4, '', 2, '0,0', ''),
(1434809498, 9, 3, '', 0, '0,0', ''),
(1434810040, 9, 2, '', 0, '0,0', ''),
(1434810258, 9, 3, '', 0, '0,0', ''),
(1434811391, 9, 3, '', 0, '0,0', ''),
(1434811453, 9, 2, '', 0, '0,0', ''),
(1434812441, 9, 3, '', 37, '0,0', ''),
(1434812462, 9, 3, '', 0, '0,0', ''),
(1434813315, 9, 2, '', 0, '0,0', ''),
(1434813672, 9, 3, '', 0, '0,0', ''),
(1434814240, 9, 3, '', 0, '0,0', ''),
(1434814292, 9, 3, '', 0, '0,0', ''),
(1434814320, 9, 3, '', 0, '0,0', ''),
(1434814422, 9, 3, '', 0, '0,0', ''),
(1434814541, 9, 2, '', 0, '0,0', ''),
(1434814564, 9, 3, '', 0, '0,0', ''),
(1434814570, 9, 2, '', 0, '0,0', ''),
(1434814725, 9, 3, '', 0, '0,0', ''),
(1434814733, 9, 4, '', 0, '0,0', ''),
(1434815347, 9, 2, '', 0, '0,0', ''),
(1434815490, 9, 3, '', 0, '0,0', ''),
(1434816036, 9, 3, '', 0, '0,0', ''),
(1434816311, 9, 3, '', 39, '0,0', ''),
(1434816831, 9, 3, '', 0, '0,0', ''),
(1434816908, 9, 2, '', 0, '0,0', ''),
(1434816941, 9, 2, '', 0, '0,0', ''),
(1434816953, 9, 3, '', 0, '0,0', ''),
(1434816975, 9, 3, '', 0, '0,0', ''),
(1434817320, 9, 3, '', 0, '0,0', ''),
(1434818218, 9, 3, '', 0, '0,0', ''),
(1434818370, 9, 3, '', 0, '0,0', ''),
(1434818522, 9, 3, '', 0, '0,0', ''),
(1434818644, 9, 3, '', 0, '0,0', ''),
(1434818889, 9, 4, '', 0, '0,0', ''),
(1434819394, 9, 3, '', 0, '0,0', ''),
(1434819659, 9, 3, '', 0, '0,0', ''),
(1434819682, 9, 3, '', 0, '0,0', ''),
(1434820058, 9, 3, '', 0, '0,0', ''),
(1434820298, 9, 4, '', 0, '0,0', ''),
(1434820577, 9, 3, '', 0, '0,0', ''),
(1434820934, 9, 3, '', 0, '0,0', ''),
(1434821011, 9, 2, '', 0, '0,0', ''),
(1434821352, 9, 3, '', 0, '0,0', ''),
(1434822101, 9, 3, '', 0, '0,0', ''),
(1434822627, 9, 3, '', 0, '0,0', ''),
(1434823423, 9, 3, '', 0, '0,0', ''),
(1434824055, 9, 3, '', 0, '0,0', ''),
(1434824190, 9, 3, '', 0, '0,0', ''),
(1434824508, 9, 3, '', 0, '0,0', ''),
(1434825617, 9, 3, '', 0, '0,0', ''),
(1434825628, 9, 3, '', 0, '0,0', ''),
(1434826982, 9, 3, '', 0, '0,0', ''),
(1434827730, 9, 3, '', 0, '0,0', ''),
(1434828283, 9, 1, '', 2, '0,0', ''),
(1434829669, 9, 1, '', 2, '0,0', ''),
(1434829964, 9, 1, '', 2, '0,0', ''),
(1434830011, 9, 1, '', 2, '0,0', ''),
(1434830078, 9, 1, '', 2, '0,0', ''),
(1434830809, 9, 1, '', 2, '0,0', ''),
(1434831821, 9, 1, '', 2, '0,0', ''),
(1434832873, 9, 1, '', 2, '0,0', ''),
(1434833189, 9, 1, '', 2, '0,0', ''),
(1434834297, 9, 1, '', 2, '0,0', ''),
(1434834657, 9, 1, '', 2, '0,0', ''),
(1434836327, 9, 1, '', 2, '0,0', ''),
(1434836374, 9, 1, '', 2, '0,0', ''),
(1434837013, 9, 1, '', 2, '0,0', ''),
(1434839024, 9, 1, '', 2, '0,0', ''),
(1434839229, 9, 1, '', 2, '0,0', ''),
(1434840175, 9, 1, '', 2, '0,0', ''),
(1434841054, 9, 1, '', 2, '0,0', ''),
(1434841247, 9, 1, '', 2, '0,0', ''),
(1434841314, 9, 1, '', 2, '0,0', ''),
(1434842207, 9, 1, '', 2, '0,0', ''),
(1434843200, 9, 1, '', 2, '0,0', ''),
(1434843267, 9, 1, '', 2, '0,0', ''),
(1434843281, 9, 2, '', 0, '0,0', ''),
(1434843403, 9, 3, '', 0, '0,0', ''),
(1434843662, 9, 3, '', 0, '0,0', ''),
(1434844805, 9, 3, '', 0, '0,0', ''),
(1434844832, 9, 3, '', 0, '0,0', ''),
(1434847443, 9, 3, '', 0, '0,0', ''),
(1434849278, 9, 3, '', 0, '0,0', ''),
(1434849748, 9, 3, '', 0, '0,0', ''),
(1434849854, 9, 3, '', 0, '0,0', ''),
(1434849861, 9, 3, '', 0, '0,0', ''),
(1434849930, 9, 3, '', 0, '0,0', ''),
(1434850400, 9, 3, '', 0, '0,0', ''),
(1434851379, 9, 3, '', 0, '0,0', ''),
(1434851423, 9, 3, '', 0, '0,0', ''),
(1434851496, 9, 3, '', 0, '0,0', ''),
(1434851552, 9, 3, '', 0, '0,0', ''),
(1434852111, 9, 2, '', 0, '0,0', ''),
(1434852483, 9, 2, '', 0, '0,0', ''),
(1434854123, 9, 2, '', 0, '0,0', ''),
(1434854729, 9, 2, '', 0, '0,0', ''),
(1434855309, 9, 2, '', 0, '0,0', ''),
(1434855909, 9, 2, '', 0, '0,0', ''),
(1434857484, 9, 3, '', 0, '0,0', ''),
(1434858372, 9, 3, '', 0, '0,0', ''),
(1434858883, 9, 3, '', 0, '0,0', ''),
(1434859175, 9, 3, '', 0, '0,0', ''),
(1434859340, 9, 2, '', 45, '0,0', ''),
(1434917721, 0, 3, '', 1, '0,0', ''),
(1434917810, -1, 3, '', 1, '0,0', ''),
(1434917906, 0, 3, '', 1, '0,0', ''),
(1434917960, 3, 3, '', 1, '0,0', ''),
(1434919263, 3, 3, '', 1, '0,0', ''),
(1434920218, 900, 3, '', 1, '0,0', ''),
(1434986386, 9, 2, '', 1, '0,0', ''),
(1434986400, 9, 4, '', 1, '0,0', ''),
(1434986408, 9, 3, '', 1, '0,0', ''),
(1434986415, 9, 2, '', 1, '0,0', ''),
(1434986429, 9, 3, '', 1, '0,0', ''),
(1434986435, 9, 3, '', 1, '0,0', ''),
(1434986442, 9, 3, '', 1, '0,0', ''),
(1434986482, 9, 3, '', 1, '0,0', ''),
(1434986488, 9, 4, '', 1, '0,0', ''),
(1434986494, 9, 3, '', 1, '0,0', ''),
(1434986499, 9, 2, '', 1, '0,0', ''),
(1434987340, 9, 3, '', 0, '0,0', ''),
(1434987347, 9, 3, '', 0, '0,0', ''),
(1434987402, 9, 3, '', 0, '0,0', ''),
(1434987508, 9, 3, '', 0, '0,0', ''),
(1434987537, 9, 3, '', 0, '0,0', ''),
(1434987549, 9, 3, '', 0, '0,0', ''),
(1434987602, 9, 3, '', 0, '0,0', ''),
(1434987640, 9, 3, '', 0, '0,0', ''),
(1434990823, 9, 2, '', 0, '0,0', ''),
(1434991419, 9, 3, '', 0, '0,0', ''),
(1434991465, 9, 2, '', 0, '0,0', ''),
(1434991820, 9, 3, '', 0, '0,0', ''),
(1434991890, 9, 3, '', 0, '0,0', ''),
(1434992101, 9, 3, '', 0, '0,0', ''),
(1434992562, 9, 3, '', 0, '0,0', ''),
(1434992710, 9, 2, '', 0, '0,0', ''),
(1434992750, 9, 2, '', 0, '0,0', ''),
(1434992823, 9, 2, '', 0, '0,0', ''),
(1434993364, 9, 3, '', 0, '0,0', ''),
(1434993509, 9, 2, '', 0, '0,0', ''),
(1434993839, 9, 3, '', 0, '0,0', ''),
(1434993929, 9, 2, '', 0, '0,0', ''),
(1434994295, 9, 3, '', 0, '0,0', ''),
(1435000400, 9, 3, '', 0, '0,0', ''),
(1435000455, 9, 3, '', 0, '0,0', ''),
(1435000480, 9, 3, '', 0, '0,0', ''),
(1435000644, 9, 3, '', 0, '0,0', ''),
(1435001472, 9, 3, '', 0, '0,0', ''),
(1435001510, 9, 2, '', 0, '0,0', ''),
(1435001547, 9, 3, '', 0, '0,0', ''),
(1435001586, 9, 3, '', 0, '0,0', ''),
(1435001796, 9, 3, '', 0, '0,0', ''),
(1435002453, 15, 3, '', 0, '0,0', ''),
(1435002464, 15, 3, '', 0, '0,0', ''),
(1435023447, 900, 3, '', 0, '0,0', ''),
(1435076525, 9, 3, '', 0, '0,0', ''),
(1435077928, 9, 3, '', 0, '0,0', ''),
(1435079853, 9, 3, '', 0, '0,0', ''),
(1435080018, 9, 3, '', 0, '-77.7444,38.7336', ''),
(1435676304, 3, 3, '', 0, '-76.9898,38.879', ''),
(1435676372, 1, 3, '', 0, ',', ''),
(1435948845, 12, 3, 'web', 1, '0,0', 'test'),
(1435949031, 12, 2, 'web', 1, '0,0', 'test'),
(1435949455, 12, 2, 'web', 1, '0,0', 'test'),
(1435949472, 132, 2, 'web', 1, '0,0', 'test'),
(1435949504, 132, 2, 'web', 1, '-84,10', 'test'),
(1436832098, 4, 2, 'web', 0, '0,0', 'timer'),
(1436833848, 4, 2, 'app', 163, '0,0', 'timer'),
(1436833872, 4, 2, 'web', 0, '0,0', 'timer'),
(1436834096, 4, 2, 'app', 0, '0,0', 'timer'),
(1436879454, 15, 2, 'app', 0, '0,0', 'timer'),
(1436880208, 4, 2, 'app', 0, '0,0', 'timer'),
(1436883660, 5, 3, 'web', 0, '0,0', 'timer'),
(1436883808, 3, 3, 'web', 0, '0,0', 'timer'),
(1437553673, 45, 3, 'web', 2, '0,0', 'timer'),
(1437640073, 25, 3, 'web', 2, '0,0', 'timer'),
(1437726473, 55, 3, 'web', 2, '0,0', 'timer'),
(1437812873, 50, 3, 'app', 2, '0,0', 'timer'),
(1437899273, 45, 3, 'app', 2, '0,0', 'timer'),
(1438052566, 60, 3, 'web', 2, '0,0', 'timer'),
(1438088089, 62, 2, 'web', 2, '0,0', 'timer'),
(1438147000, 15, 2, 'web', 2, '0,0', ''),
(1438149700, 15, 2, 'web', 2, '0,0', '');

--
-- Indexes for dumped tables
--

--
-- Indexes for table `bhavana_badges`
--
ALTER TABLE `bhavana_badges`
  ADD PRIMARY KEY (`idBadge`);

--
-- Indexes for table `bhavana_checkin`
--
ALTER TABLE `bhavana_checkin`
  ADD UNIQUE KEY `idCheckin` (`idCheckin`);

--
-- AUTO_INCREMENT for dumped tables
--

--
-- AUTO_INCREMENT for table `bhavana_badges`
--
ALTER TABLE `bhavana_badges`
  MODIFY `idBadge` int(10) unsigned NOT NULL AUTO_INCREMENT,AUTO_INCREMENT=5;
--
-- AUTO_INCREMENT for table `bhavana_checkin`
--
ALTER TABLE `bhavana_checkin`
  MODIFY `idCheckin` int(10) unsigned NOT NULL AUTO_INCREMENT,AUTO_INCREMENT=9;
/*!40101 SET CHARACTER_SET_CLIENT=@OLD_CHARACTER_SET_CLIENT */;
/*!40101 SET CHARACTER_SET_RESULTS=@OLD_CHARACTER_SET_RESULTS */;
/*!40101 SET COLLATION_CONNECTION=@OLD_COLLATION_CONNECTION */;
